1,"เรียนแล้วสนุกมากได้คิดตามตลอดเลยค่ะ
อยากให้มีช่วงทำงานกลุ่มเยอะขึ้น
เวลาระดมหัวคิดกับเพื่อนแล้วสนุกดีค่ะ",2562
2,จารครับขอให้พูดเรืองอื่นน้อยหน่อยครับ ตอนหนึ่งจารคุยสไลย์หนึงเป็น2ชัวโมงครับ,2563
3,เรียนกับอาจารย์ทั้งได้ความรู้ และสนุกค่ะ,2564
4,ดีคับ,2565
5,ดีมากครับ,2561
6,อาจารย์สอนดีมากๆครับ,2561
7,ดี,2561
8,อาจารย์สอนดีครับ,2562
9,ดีมากครับ,2563
10,ขอบคุณครับ,2563
11,สอนแบบไม่มีกลางสอบภาค ไม่มีคะแนนเก็บ สอบปลายภาคอย่างเดียวข้อกา90ข้อ เขียน2 ไม่มีโอกาศได้ถอน ตอบผิดคะแนน1 จำกัดความคิดมากๆ,2563
12,ดีมากครับ,2563
13,สอนไวเกินครับ,2564
14,อาจารย์สอนเป็นวิชาการเกินไป,2564
15,เยี่ยมๆ,2564
16,"อาจารย์สอนเร็วจังค่ะ งื้อๆ  
สอนช้าอีกนิดนึง ",2561
17,ดีมากครับ,2563
18,2 วันสุดท้ายอาจารย์สอนดีมากเลยครับอยากให้เป็นแบบนี้ทั้งเทอมจะได้ไม่น่าเบื่อครับ,2563
19,อยากให้จารย์พูดช้าลงครับฟังไม่ค่อยจะทัน,2564
20,ปานกลาง,2562
21,อาจารย์สอนดีมาก สอนเข้าใจ แต่อยากให้ ชีท เอกสารประกอบการสอนของอาจารย์เป็นภาษาไทยด้วย ,2565
22,อาจารย์อธิบายค่อนข้างละเอียดค่ะ เข้าใจง่าย,2565
23,มีเมตตา เข้าใจเด็ก และการสอนที่ดีแบบอกไม่ถูก แค่ตั้งใจฟังจดตัวอย่างตาม ทุกอย่างคือง่ายไปหมด หัวข้อทุกข้ออาจารย์ยกมาให้เห็นภาพจนเข้าใจไม่ปล่อยทิ้งไว้ลอยๆ แบะอาจารย์เป็นกลางมากในเรื่องของกฎเกณฑ์ และในเรื่องของที่รักที่ชัง หนูประทับใจมากเพราะหลายวิชาหนูมักเจอแบบนี้,2565
24,เป็นวิชาที่เสียงอาจารย์กล่อมให้หลับได้ง่ายๆเพราะเน้นทฤษฎีและพื้นฐานความเข้าใจของนักศึกษาเลยอยากให้มีสิ่งที่มาช่วยดึงความสนใจหรือทดลองแบบทดสอบเล็กๆน้อยๆคับ,2566
25,สอนดีแล้วครับ ออกสอบยากไปหน่อย ต้องประยุกต์,2566
26,สอนเร็วไปค่ะ ,2565
27,อยากให้สอนช้ากว่านี้ สอนพอเข้าใจแต่พอทำแลปทำให้เห็นภาพการสอนมากกว่าการไม่ทำแลป,2565
28,สอนเร็วมาก,2565
29,ไม่รู้ว่าอาจารย์สอนเข้าหรือหนูไม่เข้าใจเอง,2566
30,อยากให้ออกข้อสอบปรนัย ทั้งกลางภาคและปลายภาค,2566
31,อาจารย์เก่งจริงอันนี้ยอมรับ  แต่แค่เราไม่สามารถตามความเก่งของอาจารย์ได้เบย ขอโทษด้วยครับ/ค่ะ,2566
32,บอกว่าข้อเขียนล้วนก่อนสอบตื่นเต้นดีครับ แต่ไม่อยากตื่นเต้นอีกแล้ว,2566
33,"คาดหวังให้มันจบทุก Layer จริงๆ นะจารย์ 555+
อย่างที่อาจารย์เคยพูด ผมว่ามันโอเครที่จะลองสอนแบบ ไม่ต้องรอมากขนาดนั้นก็ได้ เนื้อหามันสนุกมากครับ อยากเรียนให้จบครบจริงๆ คือพวกผม Sec 3 เก่าตอนปี 1 จะมีคนติวหลักของวิชาอาจารย์โดยเฉพาะอยู่แล้ว อารมณ์แบบนักศึกษาแพทย์นั่งอ่านช่วยเหลือกันก่อนสอบ เนื้อหาเดี๋ยวให้เป็นหน้าที่พวกผมสอนๆ กันเอง ก็ได้ครับ รุ่นน้องรุ่นนี้ก็มีบางส่วนทักรุ่นพวกผมอยู่หลายคน น้องเค้าไม่เข้าใจตรงไหนเค้าทักมาตลอดครับ ผมว่ามันทำได้ น่าจะมีช่องทางติดต่ออาจารย์ทางไลน์ก็ดีนะครับ คือว่า ผมค่อนข้างจะเสียเวลาทำความเข้าใจเนื้อหาบางส่วนเอง ถ้าถามตรงๆ อาจจะทำเนื้อหาต่างๆ ทันก่อนสอบ",2566
34,จารย์สอนดีแล้วค่ะ ทำให้เนื้อหาส่วนใหญ่เข้าใจง่ายขี้น ตอนอธิบายเพิ่มอาจารย์ลองเขียนใส่สักอย่างที่ทั้งห้องจะเห็นชัดไหมค่ะ,2566
35,ขอคะแนนจากลมฟ้าอากาศกลับคืนมา,2566
36,สอนดีนะครับ หมายถึงว่าผู้สอนเข้าใจเนื้อหาในการสอนทั้งหมด แต่สอนได้ไวมากครับ ช่วยลดความเร็วลงหน่อยก็ดีนะครับ,2566
37,อยากให้มีการแปลไทยของบทเรียน,2566
38,สอน lap เร็วเกินไปครับ,2565
39,อยากให้สอนช้าลงกว่านี้,2565
40,ไม่รู้เรื่อง,2565
41,"การประเมินอาจารย์รอบสองนี้บอกเลยคุณพี่ไม่มีแผ่วเลยฮะ โหดแบบเดิมเพิ่มเติมปฏิบัติสนุกไม่หลับ แต่ทุกคนพร้อมใจจูงมือตอนออกจากห้องสอบว่า
 ’ติด F ยกเซคแน่เลยพวกเรา‘",2566
42,"ปัญหาเพื่อนๆ ไม่ได้อยู่ที่เนื้อหาแลป ปัญหาอยู่ที่เพื่อนๆผม พิมพ์กันช้าครับ เลยไม่ทันเนื้อหาแลปกันเยอะ เลยปล่อยวิชานี้กัน ลองพิมพ์คำสั่งนึงแล้วหยุดสักนิดนึงอธิบายหน่อยว่าผลที่ควรจะออกมาเป็นอะไรแล้วค่อยกด Enter เพื่อโชว์ผลลัพธ์ก็ได้ครับ เปิดแชร์จอก็ดีครับบางคนมองไม่เห็นอันนี้ก็ปัญหาหลัก โดยรวมถือว่าดีมากครับ

 ขอโทดแทนเพื่อนผมด้วยนะครับ 555+ ปลายทาง = Destiny โชคชะตา อยู่คนละห้องกันแต่เพื่อนมาเล่าหลายๆ อย่างให้ฟังครับ",2566
43,สอนช้ากว่านี้หน่อยก็ดีค่ะ เล็งมองคำสั่งไม่ทันไม่เห็นค่ะ,2566
44,มองจอ projector ไม่ชัด เพ่งแล้วปวดตา พอพิมผิดพิมตามต่อไม่ทัน และไม่กล้าขัดจังหวะการสอน ขอให้อาจารย์เปิด gg meet แล้วแต่อาจารย์กล่าวผมจะสอนแค่นี้คับ(ไม่เปิด),2566
45,อาจารย์สอนดีมากครับ แต่วิชายากมาครับ,2566
46,ควรมีสอบกลางภาค,2566
47, อาจารย์ใจดี ค่ะ สอนเข้าใจ น่าจะให้สอนทุกวิชาสาขาเลย ค่ะ,2560
48,ช่วยทำโครงงานจนเสร็จได้ครับ,2561
49,ดีมากครับ,2563
50,อาจารย์สอนดีครับ แต่ผมไม่เข้าใจเอง,2561
51,ขอบคุณครับ,2561
52,อาจารย์สอนดีมกครับ เข้าใจได้ง่าย สามารถนำไปใช้ในชีวิตจริงได้,2561
53,อาจารย์สอนดีมากเลยค่ะ ใจดีกับนักศึกษาทุกคนให้คำปรึกษาได้ดี ,2561
54,ชอบการสอนของอาจารย์มากๆเลยค่ะ ,2561
55,อาจารย์ใจดีมากๆครับ,2561
56,ดี,2560
57,อาจารย์น่ารัก และ สอนเป็นกันเองมากครับ,2561
58,อาจารย์สอนดีมากครับ เข้าใจง่าย มีคะแนนเก็บค่อยช่วยเหลือ ชอบเรียนกับอาจารย์มากครับ,2562
59,อาจารย์ผู้สอนเอาใจใส่กับผู้เรียนได้ดีมาก,2562
60,สอนดีแล้วครับ,2562
61,อาจารย์เอาใจใส่นักศึกษามากๆ ให้โอกาสถามและตอบได้ดี สุดยอดมากครับบบ,2563
62,อาจารย์สอนดีเข้าใจง่ายค่ะ,2563
63,ดี ,2562
64,ทุกอย่าง Perfect,2562
65,อาจารย์ให้ความช่วยเหลือดีมาก ๆ ,2565
66,อาจารย์สอนดีมากเลยครับ ^^ ,2563
67,อยากให้ตอนปฎิบัติลดความเร็วลงหน่อยครับพิมพ์ตามไม่ค่อยจะทัน,2564
68,สอนดีอธิบายเกี่ยวกับวิชาที่เรียนให้เข้าใจง่ายมากขึ้น,2566
69,ปานกลาง,2562
70,ดีมาก,2565
71,"ผมคิดไปเองรึป่าวแต่เสียงอาจารย์ดูง่วงแปลกๆ 555+ เอ่อ...ผมว่าระบบสุ่มถามตอบมีประสิทธิภาพมากกว่าครับ ไม่ชอบแบบนั่งฟังเฉยๆ เลย แต่ไม่เอาแบบถามตอบให้คะแนนแบบอาจารย์ชนาเนตรนะครับ บางคำถามมันยากง่ายไม่เหมือนกันไม่แฟร์เลย มันทำให้น้อยใจไม่อยากตอบบางที ถามตอบเล่นๆ เช็คว่าหลับป่าวไรงี้ก็ได้ครับ
เนื้อหาโอเคร แต่ผมมาสายบ่อย ไม่เข้าใจเลย 555+ ไม่ได้อ่านสอบวิชานี้เลย มัวแต่เครียดกับวิชาอื่น ขอโทษด้วยครับ",2566
72,ใจดีมากค่ะ,2564
73,รบกวนครูยกตัวอย่างการเขียนโค้ดให้เข้าใจกว่านี้นิดนึงครับ,2564
74,ไม่ค่อยเข้าใจเรื่องที่เรียนเท่าไหร่เลยค่ะ,2564
75,ดีครับ ,2564
76,อาจารย์ใจดีและเสนอแนะให้ดีมากๆครับ ขอบคุณครับอาจารย์,2564
77,ชอบครับ สอนดีมาก อยากให้ปรับปรุงเรื่องการสอนนิดนึง เพราะเข้าใจค่อนข้างยาก สำหรับคนที่ไม่เคยมีประสบการณ์,2565
78,สอนไม่ค่อยรู้เรื่อง สอนไว ,2565
79,โดยรวมอาจารย์ผู้สอนมีการเรียนการสอนอยู่ในระดับเกณฑ์ที่ดีค่อนข้างพึงพอใจในการเรียนการสอนครับ,2565
80,อาจารย์ผู้เป็นดุจดั่งแม่ที่คอยดูแลบูกทุกคน เราขอขอบคุณและรู้สึกประทับใจกับทุกๆการสอนของท่านคับ,2565
81,สอนเร็วค่ะ,2566
82,สอนเร็วไปนิดครับ,2566
83,คอมห้องที่ใช้เรียนช้า,2566
84,"อาจารย์สอนดีนะคะ แต่ถ้ามีตัวอย่างให้ดูเยอะๆ และแบบฝึกที่มีโจทย์หลากหลายให้นักศึกษาลองทำจะดีมากๆค่ะ ถ้าได้คอมที่เร็วแรงกว่านี้จะดีมากๆๆเลยค่ะ

",2566
85,ดีคับ,2566
86,ขอบคุณครับ,2566
87,อาจารย์ใจดีมากๆเลยค่ะ ไม่เข้าใจตรงไหนถามได้หมด ตอบไลน์ไวมากๆ ปรึกษาได้ตลอด,2566
88,ดีครับ,2565
89,สอนใช้พวก Mongo DB ด้วยก็ดีครับ,2566
90,ดีมากครับ,2566
91,ปานกลาง,2562
92,อาจารย์ใจดี ตั้งใจสอนมากค่ะ,2566
93,อาจารย์ สอนดีครับ,2561
94,อาจารย์สอนเข้าใจง่าย,2562
95,อ.ไม่ได้สอนครับ,2563
96,ไม่เคยได้เรียนกับอาาจารย์คนนี้ครับ,2563
97,ดี,2563
98,เฉยๆ,2563
99,อาจารย์สอนดีครับ,2562
100,ดีมากครับ,2563
101,อาจารย์สอนสนุก ให้ความช่วยเหลือดีมาก ๆ,2565
102,ดีมากครับ,2563
103,ปานกลาง,2562
104,ดีคับ,2565
105,ดีมากครับ,2563
106,ดี,2564
107,ผ่านครับ,2564
108,ขอชื่อวิชาที่ตรงกับวิชาจริงๆ,2564
109,ตอนเรียนวิชานี้ ผมไม่เคยเห็นอาจารย์ท่านนี้เลยครับ ผมเลยไม่รู้ว่าจะประเมินยังไง,2565
110,ได้เรียนกับอาจารย์ผู้หญิงท่านเดียวค่ะ,2565
111,อุปกดีใช้งานเข้าใจง่ายแต่อาจจะไม่เพียงพอต่อนักศึกษามากนัก,2565
112,ดีเยี่ยมครับ,2565
113,เรียนสนุกมาก,2566
114,เอ๊ะ! รูปไปไหนคับ,2566
115,"อยากให้โปรเจคจบเพิ่มความยากหน่อยครับ จะได้ให้เหมือนซ้อมทำโปรเจคใหญ่ต้องซื้อของนั่นนี่นู้น รวมกลุ่มกันทำ 4 คนแบบจริงจัง อยากได้ภายแบบนี้มากครับ
เห็นเพื่อนมหาลัยอื่นเล่ามาดูน่าสนุกมากครับ",2566
116,สอนดีมากครับ,2560
117,ดีมากค่ะ,2562
118,ดีคับ,2565
119,สอนเข้าใจรู้เรื่องดีมากค้ะ,2560
120,ปานกลาง,2560
121,สนุกดีครับได้ความรู้ด้วย,2561
122,อาจารย์สอนสนุกมากค่ะ สอดแทรกความรู้ทำให้เข้าใจได้เยอะมาก,2561
123,สอนดีแล้วครับ,2562
124,ปานกลาง,2562
125,เรียนออนไลน์ สัปดาห์แรกๆที่มีคลิปที่ อาจาร์ยอัดไว้แล้ว ให้นักศึกษาไปนั่งดูเอง แล้ว อาจาร์ยนัดมาทำควิช ผมรู้สึกว่ามันดีกว่า ,2563
126,จารใจดีมากคับ,2565
127,อาจารย์สอนดีมากค่ะ ถึงจะเจอกันแค่คาบเดียวก็ตาม ,2566
128,ไม่เคยเจออาจารย์,2566
129,ขอ mini project ง่ายๆหน่อยครับอาจารย์,2566
130,อาจารย์บางทีปล่อยช้า เนื้อหาที่สอน บางตัวไม่ได้ใช้ และ เวลาการสอนหลายๆบทเรียนไม่ทัน แต่รวมๆดีครับ ได้สนุกกับการเขียนเว็บมากๆ,2566
131,ควรให้ pdf มาให้ เพื่อให้ทำความเข้าใจในการเรียนมากยิ้งขึ้นไม่ควรปล่อยเลทเกิน 10 นาทีอยากให้มีเวลาพักเบรคบ้างอัดความรู้มาเยอะจนรับไม่ไหวควรให้เวลาในการทำ project มากกว่านี้ ,2566
132,ควรสั่งงานแล้วให้กำหนดส่งก่อนสอบหรือก่อนช่วงสอบ,2566
133,"มีสื่อการเรียนการสอนที่ละเอียด เข้าใจง่ายมากขึ้น อาจารย์สามารถให้คำปรึกษาเกี่ยวกับคอมพิวเตอร์ได้เข้าใจ เป็นกันเองไม่กดดันเด็ก มีอุปกรณ์ที่สะดวกในการสอน
",2560
134,ดี,2560
135,เนื้อหาเยอะดีค่ะแต่ตามไม่ทัน,2560
136,ดี,2560
137,การเรียนการสอนดีมาก สอนได้เข้าใจและปฏิบัติตามได้ดี แต่ไม่ควรขึ้นเสียงใส่นักศึกษาในขณะที่นักศึกษาพูดจาดีๆด้วย การกระทำตุบโต๊ะและตะหวาดเสียงใส่นักศึกษาต่อหน้าทุกคนมันเป็นการกระทำที่ก่อให้เกิดความอับอาย เพราะไม่ใช่นักศึกษาทุกคนที่จะชอบด้านคอมพิวเตอร์หรือมีความรู้ด้านคอมพิวเตอร์ ควรจะใจเย็นและพูดจากับนักศึกษาให้ดีกว่านี้ การกระทำในวันนั้นมันทำให้นักศึกษาฝังใจและไม่อยากเรียนวิชาที่เกี่ยวกับคอมพิวเตอร์อีกเลย,2560
138,รักอาจารย์นะคะจุ้บๆ,2561
139,อาจารย์ใจดีมากค่ะ ถามเยอะแค่ไหนก็คอยตอบตลอด ใส่ใจนักผศึกษาดีค่ะ,2561
140,สอนดี,2561
141,อาจารย์ใจดี,2561
142,"อาจารย์ใส่ใจนักศึกษา

",2561
143,"อาจารย์มีการสอนไปด้วย และแทรกอารมณ์ขัยเข้าไปด้วยเพื่อไม่ให้นักศึกษาเครียดเกินไป
และการเรียนการสอนในแต่ละอาทิตย์จะมีใบระบุเป็นกิจลักษณะชัดเจน",2561
144,อาจารย์สอนดีมากครับ นักศึกษาเข้าใจง่าย,2561
145,สอนดีครับ,2561
146,อ.น่ารัก,2562
147,ดีเเล้วครับ,2562
148,วิธีสอนเข้าใจง่าย,2562
149,สอนดีแล้วครับ,2562
150,อาจารย์สอนดีครับ,2562
151,บางทีอาจารย์สอนเร็วไปหน่อยค่ะ แต่โดยรวมแล้วอาจารย์สอนเข้าใจได้ง่าย ขอบคุณค่ะ :),2563
152,สุดยอดอาจารย์,2563
153,ให้งานเยอะมากๆมีงานทุกคาบแต่ดีตรงที่อาจารย์มีคลิปย้อนหลังให้ขอAรัวๆเลยนะคะงานทุกงานถึงจะเยอะแต่ตั้งใจทำฝุดๆ,2564
154,อาจารย์น่ารักมากๆค่ะ ใจดีพูดเพราะ อยากเรียนด้วยตลอดไปค่า,2564
155,อาจารย์สอนดีเเละให้ปฏิบัติจริงซึ่งบางเรื่องที่หนูไม่เคยรู้เกี่ยวกับword powerpoint excel อาจารย์ก็ทำให้รู้เเละเข้าใจนำไปใช้ได้จริง ปกติหนูจะกลัวการเรียนคอมมาตลอดเเต่ครั้งนี้อาจารย์ทำให้มันต่างออกไป หนูอยากเรียนเเต่สนใจมากขึ้น ขอบคุณมากๆค่ะอาจารย์,2564
156,เยี่ยมๆๆๆ,2564
157,อาจารย์ใจดีค่ะ น่ารักการบ้านยากบ้างง่ายบ้าง ส่งช้าอาจารย์ตามงานด้วย,2564
158,ตอนสอบเราต้องการสมาธิมากๆค่ะ แต่ตลอดการสอบอาจารจะพูดคุยหรือบางครั้งก็ขำคิกคักตลอดค่ะ จริงๆอาจารคุยได้นะคะแต่ปิดไมค์เถอะค่ะ เด็กไม่มีสมาธิ เวลาให้ทำข้อสอบก็น้อย อาจารยังพูดเสียงดังอีกค่ะ การเรียนการสอนดีมากแล้ว ติดแค่ตรงนี้ค่ะ,2564
159,อ.สอนดีครับ มนุษย์สัมพันธ์กับนักศึกษาดี เข้าใจนักศึกษา,2564
160,อาจารย์สอนดีมากๆเลยค่ะ ให้ปฏิบัติจริงๆ รักอาจารย์นะคะจุ๊บๆ,2564
161,ตรวจงานเช้าไปหน่อยครับแก้งานไม่ทัน55555,2564
162,สอนดีมากครับ,2564
163,"อาจารย์สอนดีมากๆค่ะ ไม่เข้าใจตรงไหนถามได้ แล้วเดินเข้ามาอธิบายให้ฟังอีกรอบแบบไม่บ่นเลยค่ะ สอนแบบเข้าใจมากด้วยสามารถเอาไปใช้ในชีวิตประจำวันได้
",2565
164,เรียนกับอาจารย์สนุกดีค่ะ มีวิดิโอย้อนหลังให้ด้วย เป็นกำลังใจให้อาจารย์สอนต่อไปนะค่ะ<3,2565
165,อาจารย์สอนดีมากครับ เวลานักศึกษาไม่เข้าใจ ก็เดินสอนอย่างทั่วถึงครับ,2565
166,อยากให้อุปกรใน มหาวิทยาลัย ดีกว่านี้,2565
167,ไม่มีข้อเสนอแนะครับ เพราะอาจารย์สอนดีครับแล้วเข้าใจง่าย,2565
168,สอนเข้าใจดี,2565
169,อาจารย์น่ารักและตามงานเด็กสนใจเด็กเป็นอย่างมากค่ะให้คำแนะนำได้ดีค่ะ,2565
170,อาจารย์ใจดี ช่วยสอนนศ.ถ้านศไม่เข้าใจในห้อง,2565
171,อาจารย์สอนเข้าใจดีเลยครับ อุปกรณ์การสอนครบถ้วนน,2565
172,สอนไวไป,2566
173,อาจารย์ตั้งใจสอน และใจดีมากๆค่ะ ,2566
174,"อาจารย์สอนเข้าใจให้งานไวแล้วก็พูดดีมากๆด้วยค่ะ เนื้อหาครบ แต่อยากให้อาจารย์พูดลดความเร็วตอนสอนลงนิดนึงค่ะ ขอบคุณค่ะอาจารย์สำหรับเทอมนี้ ขอ A ทีนะคะ
",2566
175,ครูผู้สอนใจดีมากไม่เข้าใจตรงไหนถามได้ตลอด,2566
176,อาจารย์ใจดีมากค่ะ หนูอยากเรียนกับอาจารย์อีกนะคะ,2566
177,สอนดีมากค่าาา เข้าใจละเอียดยิบ ไม่ดุ,2566
178,อาจารย์น่ารักมากครับ,2566
179,อาจารย์สอนดีมากค่ะ ขอโทษที่ขาดเรียนบ่อยนะคะ,2566
180,ขอบคุณอาจารย์ที่สอนมาอย่างดีครับผม,2566
181,อาจารย์สอนเข้าใจดีค่ะ แต่อาจารย์พูดเร็วเกิน รอนักศึกษาก่อน555,2560
182,สุดติ่งกระดิ่งแมว โอ้โหเฮะ,2560
183,สอนได้เยี่ยมมากๆ,2560
184,ปานกลาง,2560
185,อาจารย์สอนเร็วมากๆ นักศึกษาเรียนตามไม่ทัน แล้วแล็คเซอร์ไม่ทัน ทำให้เกิดผลสอบน้อยกว่าเกณฑ์,2561
186,สอนเข้าใจง่าย แสอนเข้าใจง่าย แต่เวลาออกข้อสอบยากมากมากคะ อยากให้อาจารย์ออกง่ายกว่านี้นิดหนึ่ง #อาจารย์น่ารัก ,2561
187,สอนดีค่ะ,2561
188,ชอบอาจารย์สอนดีค่ะ,2561
189,สอนแน่นมากค่ะ ตรงเวลาเป๊ะๆ,2561
190,อยากให้อาจารย์รับความคิดเห็นของนักศึกษาบ้างค่ะ,2561
191,อาจารย์สอนดีมากค่ะ ทำให้เข้าใจอะไรที่เราไม่รู้มากขึ้น,2561
192,อาจารย์ก็สอนดีนะคะ แต่บางครั้งอาจารย์ให้นักศึกษารอแล้วจะมาบอกที่หลังอย่างนี่พอนักศึกษามาถามอาจารย์กลับว่าให้นักศึกษาใช่หรอคะ บางครั้งอาจารย์ก็สอนเร็วเกินไปจนนักศึกษาตามไม่ทัน อย่างคลาสสุดท้ายที่อาจารย์กลัวสอนพวกหนูไม่ทันนั้นอึกเป็นความผิดของอาจารย์หรือเปล่าที่อีกอาทิตย์อาจารย์ไม่มาสอนเองแล้วยังจะมาเร่งนักศึกษาอีกใช่หรอค่ะ,2561
193,สอนดีมาก,2561
194,ไม่มีการอนุโลมให้นักศึกษา บางครั้งส่งงานช้านิดหน่อย(แต่ไม่ได้ช้าจนน่าเกลียด)ก็หักคะแนน หรือบางครั้งก็ไม่รับส่งงานจากนักศึกษาเลย แต่เข้าสอนและเลิกสอนตรงตามเวลาดีมาก,2561
195,อยากให้อาจารย์พูดช้าลงกว่านี้นิดหน่อย,2561
196,แอร์ที่ห้องเรียนร้อนทุกสัปดาห์ อยากให้ปรับปรุง,2561
197,อาจารย์ควรมีไมค์นะคะ ,2561
198,อาจารย์ใจดีคะ ถ้าใครไม่เข้าใจอาจารย์ก็จะอธิบายให้เข้าใจมากขึ้น มีแบบฝึกหัดมากให้ทำเสมอ มีสื่อประกอบการเรียนเสมอ ได้ทำแบบฝึกหัดตามอาจารย์ไปพร้อมกันซึ่งสามารถนำไปใช้ในชีวิตประจำวันได้ด้วยคะ,2561
199,แอร์ร้อนมากกก,2561
200,อาจารย์สอนบางทีไม่ค่อยเข้าใจคะอาจารย์ชอบพูดไวตามไม่ค่อยทันคะ,2561
201,อาจารย์สอนสนุกมากเข้าใจง่าย แต่อยากให้อาจารย์ช้าลงนิดนึงเพราะเป็นวิชาคอม ต้องปฏิบัติตลอด,2562
202,อยากให้ลดความเร็วในการสอนและทวนการเรียนอีกครั้ง,2562
203,ขอบคุณที่เข้าใจนักศึกษา,2563
204,อาจารย์สอนดีเข้าใจง่าย,2563
205,อยากให้อาจารย์สอนช้าลงนิดนึง สอนเนื้อหาปฏิบัติให้ง่ายขึ้น ขยายระยะเวลาในการส่งงาน หรือลดจำนวนงานลง,2564
206,สอนเร็วไป ,2564
207,ขอบคุณครับอาจารย์,2564
208,นำไปปรับใช้ได้จริงนอกชั้นเรียน,2565
209,อาจารย์ให้คำแนะนำดีมากครับ ชอบที่อาจารย์เข้าใจนักศึกษาอยากให้มีอาจารย์ที่มีความคิดแบบอาจารย์เยอะๆจังครับชอบการสอนของอาจารย์ด้วยครับ,2565
210,อาจารย์สอนดีแต่สอนไวไปในบางที,2565
211,อยากให้อาจารย์ออกสูตรเกี่ยวกับข้อเขียนลดลงหน่อยค่ะ,2565
212,อาจารย์สอนเข้าใจง่าย และยืดหยุ่นกับนักศึกษาถ้าเกิดเหตุนักศึกษาส่วนใหญ่ไม่สามารถออนไซต์ได้ก็ยืดหยุ่นให้ออนไลน์ได้ซึ่งดีมากๆค่ะ ,2565
213,อาจารย์สอนเร็วบ้างในบางเนื้อหา ตามไม่ทัน,2565
214,อาจารย์สอนดีมากค่ะ,2566
215,ใช้คำพูดไม่เหมาะสม สอนรู้เรื่องบางไม่รู้เรื่องบาง การที่ให้เรียนออนไลน์เสาร์อาทิตย์ซึ่งบางคนไม่มีเวลาเพราะต้องทำงานเสริมลาไม่ได้ ให้สอบ2ทุ่ม?วันเสาร์อาทิตย์ บางคนเขาทำงานแล้งไม่มีมีเวลาทำ แทนที่จะให้ทำในคลาสเรียน สั่งงานไม่นึกถึงนักศึกษา เพราะงานที่เขาสั่งต้องใช้คอมหรือไอแพตซึ่งบางคนไม่มีเลยไม่ได้ทำส่งเลยเสียคะแนนไปเปล่าๆ การใช้โทรศัพท์มันไม่สะดวกขนาดนั้น ให้คะแนนยากก็ยาก ควรปรับปรุงมากๆค่ะ ,2566
216,อาจารย์ใจดีมากค่ะๆสอนดีมากเข้าใจ,2566
217,อาจารย์ใจดี,2566
218,อยากให้อาจารย์นำเสนอการสอนที่สามารถเข้าใจง่ายและนำไปใช้ในชีวิตจริงได้มากกว่านี้ ให้นักศึกษารู้ว่าสามารถเอาไปใช้กับงานในอนาคตได้ยังไง เละเกี่ยวข้องกับงานของเรายังไงอยากให้อาจารย์เตรียมการสอนที่พร้อมกว่านี้ค่ะ,2566
219,อาจารย์น่ารักมากๆสอนเข้าใจง่ายมีงานกลุ่มให้ทำกับเพื่อนตลอด,2566
220,ขอบคุณที่คอยให้คำแนะนำในหลายๆเรื่องครับ,2566
221,ส่งงานย้อนหลังไม่ได้ค่ะ,2566
222,อ.มีการสอนแบบรวบรัดเนื้อหาเข้าใจได้ง่ายโดยภาพรวมถือเป็นที่น่าประทับใจ,2566
223,อาจารย์ทำการสอนดีเข้าใจง่ายแต่เนื้อหาอาจมีเยอะยากที่จะสรุปไปบ้าง แต่ก็ถูกแทนด้วยความใจดีและให้โอกาสนักศึกษาได้ลองผิดถูกก่อนการวัดปลจริงมีแบบทดสอบต่างๆที่พัฒนาการช่วยจำได้ดีและยังน่าสนใจคับ,2566
224,เป็นอาจารย์ที่ดีมากครับ  ไม่กดดัน เด็กเลย,2566
225,ขอบคุณที่ให้ความช่วยเหลือตลอด,2561
226,อาจารย์คอยช่วยเหลือและให้คำแนะนำดีมากครับ,2562
227,อาจารย์สอนเก่งมาก ๆ ให้ความช่วยเหลือดี,2565
228,สอนดีแล้วครับ,2562
229,สอนทีเหมือนอาจารย์กำลังแร็ปเหมือนไม่ได้มาเรียนเหมือนมาดูเดอะแร็ปเปอร์แต่อาจารย์ก้สอนดีค่ะอาจารย์ให้โอกาสเสมอ,2563
230,ดีมากครับ,2563
231,ขอบคุณที่ให้ความช่วยเหลือตลอด,2561
232,ปานกลาง,2561
233,อาจารย์สอนดีครับ,2562
234,อาจารย์สอนดีมากๆเลยค่ะ พอไม่เข้าใจก็จะย้ำจนกว่าจะจำได้,2562
235,ดีมากครับ,2563
236,เมตตาหนูหน่อยนะคะ,2564
237,ไม่ควรใช้การสุ่ม นักศึกษาจหัวใจวายเอาครับ,2564
238,ดีมากชอบมากประทับใจในอาจารย์ผูเสอน,2564
239,ดีดีดีดี,2564
240,แรกๆงง หลังๆตื่นเต้่นครับ,2564
241,สนุกมากครับวิชานี้,2562
242,สอนเข้าใจค่ะ เรียนสนุกดี อยากเรียนกับอาจารย์ทุกเทอม  เทอมหน้าไม่มีเรียนกับอาจารย์แล้ว งื้อๆ TT,2561
243,ดีมากครับ,2563
244,ขอบคุณครับ,2561
245,อธิบายเนื้อหาเข้าใจง่ายมากค่ะ ,2561
246,อาจารย์สอนเก่งมากค้าบบบ นศ เลย อยากตั้งใจเรียนไปด้วย,2561
247,ดีมากครับ,2563
248,สอนเข้าเเละค่อยเป็นค่อยไป,2564
249,ดีย์,2564
250,"อาจารย์น่ารักมากๆค่า เป็นกันเองสุดๆมีอะไรไม่เข้าใจหรือทำไม่ได้ก็แค่ถาม อาจารย์ก็จะมาในทันใดจะไปยืนเคียงข้างเธอ เป็นคาบเรียนที่หนูเอ็นจอยมากๆค่า
",2566
251,ดีคับ,2566
252,ขอบคุณ,2566
253,อยากให้อาจารย์เเก้ไขในส่วนของการสอนเเละการอธิบาย เพราะ การสอนที่ผ่านมานั้นไม่ค่อยจะดีสักนักไม่ค่อยมีการสอนเเบบปฎิบัติให้นักศึกษาได้ทำความเข้าใจกับวิชาเเต่ในด้านของทฤษฎีดูโอเคเเล้วไม่มีปัญหาเเต่การอธิบายดูที่จะไม่ค่อยครอบคลุมมากนัก อยากให้อาจารย์ปรับปรุงในส่วนนี้ด้วย ขอบคุณครับ,2565
254,ชอบการสอนของอาจารย์มากค่ะ มีให้ตอบคำถามทำให้เข้าใจได้ง่ายมากขึ้นและสนุกขึ้นค่ะ,2565
255,ตรรกะการสอนของอาจารย์ และ วิธีการสอนของอาจารย์ค่อนข้างดีเลย แต่หนูขอฝากบางอย่างไว้นิดนึงในบางทีการที่เด็กเรียนกับอ.คนนั้นคนนี้มาแล้วก็ไม่ได้ความว่าเด็กจะเข้าใจที่อ.คนนั้นนี่สอน เหมือนกับวิชาเอง บางทีหนูอยากให้อาจารย์ลองมองภาพรวมของเด็กบ้างว่า1ใน10มีคนทำวิชาอาจารย์ได้ดีมากแค่ไหนแล้วอยากให้อาจารย์ลองมองย้อนกลับมาดูการสอนของตัวเองสักนิดว่าถ้าเด็ก30กว่าคนมีเข้าใจอยู่10กว่า แบ้ว20กว่าคนที่ไม่เข้าใจอาจารย์จะปบ่อยไปเลยหรือ ที่เหงืออีก20คนมันต้องทีสัก10คนที่พยายามตั้งใจ แต่ก็ไม่เข้าใจอยู่ดี หนูอยากให้อาจารย์ลองปรับเปลี่ยนหรือหาวิธีการสอนเพื่อให้เด็กจำแค่สอบผ่าน แต่ว่าให้เด็ก จำสอบผ่านแบะเข้าใจจริงๆ หนูไม่รู้การประเมินตรงนี้อาจารย์จะได้อ่านมั้ยหรือมีผลต่อคะแนนหรือเปล่า แต่คือความคิดเห็นส่วนตัวหนูค่ะ,2565
256,การสอนดีมากครับเช็กนศ.ได้ดีเลยว่ารู้เรื่องที่เรียนจริงไหม,2565
257,ไม่ชอบเรียนระบบถามตอบได้คะแนน มันกดดันเกินไป,2566
258,ขอช่วยลดความตึงเครียดในการสอนและการให้คะแนนนักศึกษาหน่อยครับเพราะบางนักศึกษาก็ไม่สามารถตอบคำถามแล้วได้คะแนนครับควรมีคะแนนที่ช่วยนักศึกษาหน่อยครับเช่นการทำการบ้านหรืออื่นๆก็ตามครับ,2566
259,"ผมชอบที่น.ศ.สามารถเลือกการเก็บคะเเนนได้ เเต่อยากให้เพิ่มตัวเลือกสำหรับคะแนนถามตอบที่นอกเหนือจากการสอบ เพราะการถามตอบอาจทำให้น.ศ.บางส่วนรู้สึกเครียดเเละกดดันซึ่งส่งผลต่อการเรียนรู้ โดยส่วนตัวผมมองว่าอาจารย์สอนได้ดีเเละมีการออกเเบบ รูปเเบบการเก็บคะเเนนที่ดีครับ
 ขอบคุณครับ",2566
260,สอนไม่เข้าใจ,2565
261,ออกข้อสอบยากไปครับ,2565
262,ขอบคุณที่สอนวิชาโหดขนาดนี้ ผ่านร้อนผ่านหนาวมาได้ด้วยประสบการณ์ทะเลาะกันในกลุ่มจนเกือบแตกหัก555 แต่รวมสนุกมากคับเป็นวิชาที่ทำให้ตัวเองรู้สึกมีประโยชน์กับเพื่อนๆและเก่งนะเนี่ยเรา,2566
263,ขอบคุณที่สอนวิชาโหดขนาดนี้ ผ่านร้อนผ่านหนาวมาได้ด้วยประสบการณ์ทะเลาะกันในกลุ่มจนเกือบแตกหัก555 แต่รวมสนุกมากคับเป็นวิชาที่ทำให้ตัวเองรู้สึกมีประโยชน์กับเพื่อนๆและเก่งนะเนี่ยเรา,2566
264,อาจารย์สอนดีมากค่ะ,2562
265,ดีคับ,2565
266,สนุกมากครับ,2561
267,ช่วยสอนให้ช้าลงหน่อยค่ะ ตามไม่ทัน,2561
268,สอนค่อนข้างเร็ว ตามไม่ทัน,2561
269, สอนเร็วมาก ตามไม่ทัน,2561
270,คอมค้างบ่อย ช่วยปรับปรุงและพัฒนาให้คอมพิวเตอร์ดีขึ้นหน่อยครับ,2561
271,สอนเข้าใจง่าย,2561
272,ควรเปิดโอกาสให้นักศึกษาใช้เทคนิคในการสอนได้หลายรูปแบบ ไม่ควรมีเทคนิคตายตัวในสถานที่ทำงานจริง ลำบาก,2561
273,ทำให้เข้าใจขั้นตอนการพัฒนาสื่อมัลติมีเดียมากขึ้น ลึกขึ้น,2562
274,เข้าใจระบบการทำงานของมัลติมีเดีย ในโปรแกรมต่างๆมากขึ้นครับ,2562
275,คอมช้าไปหน่อยครับ ตอนทำโมเดล 3D ค้างบ่อยมาก,2562
276,คอม Ram น้อยไม่พอกับโปรแกรม อาจารย์สอนเร็วมากกกกกกกๆๆๆๆๆๆๆๆๆๆๆๆๆๆๆๆๆ ตามไม่ทัน,2562
277,อาจารย์สอนไว พูดไว ไปไวเกินไป ควรที่จะอธิบายช้าลงและทำตามพร้อม ๆ กัน,2562
278,เครื่อง PC ไม่พร้อมต่อการเรียนการสอน ช้า ค้าง ,2562
279,ปานกลาง,2562
280,อาจารย์ค่อนข้างสอนไว ตามไม่ทัน แต่ยังพอทำได้บ้างค่ะ,2563
281,ดีมากครับ,2563
282,คอมแย่มากครับเรียนตามไม่ทันค้างตลอด,2563
283,สอนเร็วมาก  คอมก็ช้ามาก,2563
284,ห้องคอมพิวเตอร์ช้าและค้างบ่อย,2563
285,อยากให้เข้าถึงกับศึกษาทุกคน สามารถปรึกษาได้ตลอดเวลา ,2563
286,อาจารย์สอนช้าๆบ้างนะครับ,2563
287,อาจารย์สอนดีมากค่ะ,2560
288,ปานกลาง,2560
289,สอนตรงดีครับ,2561
290,เร็วไปนิดนะครับ ผมตามไม่ทัน 555,2561
291,อาจารย์เป็นคนที่มีสกิลในการเขียนเทพมากคร้า ,2561
292,อาจาร์ยสอนดีมาก แต่สอนเร็วไปหน่อย แต่ไปถามนอกรอบอาจาร์ยก็อธิบายได้เข้าใจ,2561
293,อาจารย์สอนเร็วไปจนตามไม่ค่อยทันครับ,2562
294,"อาจารย์สอนไปไวมากตามไม่ทันเลยครับ
อยากให้อาจารย์สอนช้าลง
เพราะบ้างคนยังไม่เคยเรียนมาแล้วทำให้ตามไม่ทันบวกกับอาจารย์สอนไวอีกจบเลย",2562
295,ช่วยอธิบายเนื้อหาอย่างละเอียดให้เเก่นักศึกษารู้ถึงที่มาเกี่ยวกับเนื้อหานั้นๆ,2562
296,อาจารย์สอนดีมากครับบ คอยถามเสมอว่ามีใครไม่เข้าใจตรงไหนบ้างแล้วอาจารย์จะทบทวนให้,2562
297,อาจารย์สอนไวมากเลยคะ,2562
298,อาจารย์สอนเร็วไปนะครับอยากให้ช้าลงหน่อยเด็กๆตามไม่ค่อยทันครับ,2562
299,อาจารย์สอนเร็วตามไม่ทัน อยากให้อาจารย์สอนช้าลงหน่อยครับ,2562
300,"อาจารย์สอนไปไวมากตามไม่ทันเลยครับ
อยากให้อาจารย์สอนช้าลง
เพราะบ้างคนยังไม่เคยเรียนมาแล้วทำให้ตามไม่ทันบวกกับอาจารย์สอนไวอีกจบเลย",2562
301,อ่านลายมืออาจารย์ไม่ค่อยออกครับ,2562
302,สอนช้าๆ เขียนตัวใหญ่ๆ หลังห้องมองไม่ค่อยเห็นครับ,2562
303,สอนเร็วเกินไปนศ.บางคนไม่มีพื้นฐานจึกทำความเขาใจได้ยาก,2562
304,โปรเจคเตอร์ภาพไม่ชัดเลยครับ เเอร์ร้อนมากๆ  ,2562
305,อยากให้สอนช้ากว่านี้หน่อยครับเหมือนฟังแรปเลยครับตอนเรียน,2563
306,อาจารย์สอนดี แต่ผมอยากให้ปรับปรุงลายมือสักนิด. ผมมึนไปหมดแล้ว,2563
307,อาจารย์สอนเร็วเกินไป,2564
308,งานเยอะ,2564
309,งานเยอะไปหน่อยค่ะ55555555,2564
310,เรียนสนุกมากครับอาจารย์อารมณ์ดีเป็นมิตรกัยนักศึกษาครับ,2564
311,อย่าพยายามพูดนอกเหนือการสอนเยอะนะครับ นศ.บางคนเค้าไม่ได้อยากรับรู้นะครับจารย์ กราบเรียนมาเพื่อแนะนำ ไม่ได้ว่าหรือถือโกรธ ถือว่าผมแนะนำ,2564
312,สอนเข้าใจดี แต่สอนเร็วไป นักศึกษาบางคนตามไม่ทัน งานเยอะมาก ควรให้พักบ้างระหว่างเรียน,2564
313,สบายใจในกาารเรียนมากครับ,2564
314,"ให้งานเยอะ แต่ให้เวลาทำน้อย บางทีคนที่เรียนไม่มีอุปกรณ์ หรืออุปกรณ์ไม่พร้อมในการทำงาน ไม่มีการเปลี่ยนงานให้กับคนที่เรียน หรือไม่ค่อยฟังความคิดเห็นนักศึกษาเท่าที่ควร
",2564
315,อาจารย์ควรมีแบบแผนในการสินมากกว่านี้ เช่นเตรียมการสอนมาว่าวันนี้จะสอนอะไร งานกี่ชิ้นไม่ใช่คิดเอาหน้างานแบบอยากจะสั่งก็สั่งเลย อาจารย์สั่งงานบางคาบ10ชิ้นต่อคาบ ส่งภายใน 5โมงเย็น บางที นศ ทำไม่ทัน และนักศึกษาแต่ละคนอุปกรณ์ไม่ได้ครบทุดคนบางคนเรียนจบคลาสก่อนถีงจะวิ่งไปยืมเครื่องเพื่อนทำได้ในวันต่อไป พอไปทำวันต่อไปมันก็ขึ้นส่งช้า คะอนนก็ลดลงทั้งที นศก็มีความกะตือรือร้นอยาดจะทำส่งเพียงแค่ขอเวลา อาจารย์ควรให้เวลางานละสัปดาห์ชนสัปห์ดา แบบว่า3ชิ้นนี้ส่งได้ถึงวีคหน้า หมดวีคหน้าประมาณนี้ แต่ความรู้ที่อาตารย์ให้ในหลายๆโแรแกรมก็คือมาก ไม่เถียงเลยอาจารย์สอนเีแต่การสั่งงานต้อฃปรับลเให้น้อยลงไปบ้าง,2564
316,อยากให้อาจารย์เตียมความพร้อมในการเตรียมการเรียนการสอน พวกเเอปพลิดคชั่นต่างๆ รวมๆสอนดีเป็นกันเองกับเด็ก,2564
317,"อยากให้อาจารย์ปรับการให้การบ้านนักศึกษาเพราะบาวคนอาจไม่มีคอมไม่มีโปรแกรมบางคนทำงานหาค่าเทอมเองอยสกให้เข้าใจและสั่งงานน้อยบงหน่อยค่ะ
",2564
318,ด้วยรูปแบบการเรียนการสอนออนไลน์ บางส่วนนักศึกษาไม่มีความพร้อมหรือความสามารถในการทำงานเช่นเรื่องทุนศัพท์ในการซื้อโปรแกรมหรืออุปกรณ์การเรียน อยากให้อาจารย์ปรับเนื้อหาการสอนให้เหมาะสมกับตัวนักศึกษาด้วยค่ะ,2564
319,ตรงๆเลยนะคะ จริงๆแล้วอาจารย์ควรจะปรับปรุงการสอนให้สอดคล้องกับสถานการณ์แล้วไม่ใช่เด็กทุกคนเรียนคอมแล้วต้องมีแอปนู้นแอปนี้นะคะ หนูเสียเงิน1000กว่าบอกเพื่อซื้อแอปมาทำงานและหนูใช้ครั้งเดียวแล้วไม่เกี่ยวกับสายงานหนูด้วยค่ะ อยากให้อาจารย์เอาตรงนี้ไปปรับปรุงตรวจสอบนักศึกษาให้เข้าใจ การเรียนแบบนี้ควรเรียนที่มหาลัยค่ะ การหาแอปการเรียนการสอนไม่ใช้เรื่องของนักศึกษาที่ต้องรับผิดชอบแต่เป็นเป็นมหาลัยที่ต้องจัดการและตัวอาจารย์เอง ขอบคุณค่ะ,2564
320,อาจารย์อย่าขี่จรวจสอนอีกเลยนะคะ สงสารรุ่นถัดไป ถือว่านศ.ขอร้อง,2566
321,อาจารย์สอนอะไรเยอะแยะเลย ปรับใช้ได้จริง,2566
322,สอนดีมากครับ แต่อยากให้ปรับเนื้อหาให้เข้าใจครับแต่โดยดีมากๆครับ,2566
323,อาจารย์พูดเร็วไปหน่อย,2566
324," อาจารย์ต้องขอ License Adobe มาให้ได้นะจารย์
 เนื้อหาที่ผมคาดหวังจริงๆ คือ Photoshop Premier Pro นะเอาจริงๆ 5555+ ตั้งแต่งาน 3D ไปเริ่มไม่ค่อยสนุกละครับ 
 Photopea อยากให้เพิ่มเนื้อหาสอนทำ Timeline ทำอนิเมชั่นใน Photopea แล้วก็อยากให้เน้นไปที่ตัดรูปเอาสักสองคาบนั่งฝึกใช้ Tools ตัดรูปแล้วจบท้ายด้วยทำโปสเตอร์หนังก็ได้ครับ น่าสนุกดีครับ ผมเคยเรียนที่โรงเรียนสนุกมากเลย
 เพิ่มเนื้อหาการลบริ้วรอยบนหน้าด้วย clone stamp อันนี้ทีเด็ดท้าทายมาก สนุกมากด้วย",2566
325,อาจารย์สอนดี ใจดีมากค่ะ สามารถถามได้ตลอด แต่แอบบไปเร็วมาก,2566
326,ไม่เคยเรียนกับคนนี้ครับ พอใช้ทั้งหมดละกัน ถือว่าไม่รู้อะไรเลย ไม่มาสอนไม่เคยเรีบนด้วย,2565
327,จารหล่อมากครับ,2565
328,"ตอนให้ทำแบบฝึกระหว่างเรียนอยากให้อ.ไม่ต้องพูด พูดมากแล้วนักศึกษาเสียสมาธิอย่างมาก
อ.อาจจะฝึกเรื่องการสื่อสารให้เข้าใจอีกหน่อย เพราะตอนนำเสนอค่อนๆข้างงง",2564
329,อ.ควรปิดไมค์ในขณะที่ให้ผู้เรียนทำแบบทดสอบต่างๆ ,2564
330,อาจารย์ควรปิดไมค์ตอนทำแบบทดสอบ เพราะจะรบกวนสมาธิผู้เรียน ,2564
331,สอนสนุกมาก,2564
332,ควรปรับปรุงเรื่องการสอน,2564
333,ดีครับ,2565
334,อาจารย์อาจารย์น่ารักครับน่ารักครับและสอนเป็นกันเองมาก,2565
335,อยากให้อาจารย์เข้าถึงนศ.กว่านี้ครับ สอนช้าลงหน่อยครับ,2565
336,อาจารย์สอนเข้าใจง่ายดีค่ะ แต่บางทีก็ดูลายมืออาจารย์ไม่ออก5555,2565
337,อาจารย์สอนเร็วมากค่ะ ไม่ค่อยเข้าใจต้องไปศึกษาหาความรู้ต่อด้วยตัวเอง,2565
338,แนะนำให้ทำการสื่อสารให้นิสิตเข้าใจในเนื้อหามากกว่านี้ เช่น การพูดที่ไม่ยาวมากแต่กระชับชัดเจน,2565
339,"เนื้อหาในช่วงของกลางภาคค่อนข้างที่จะกว้างน่าสนใจเป็นอย่างมากแต่เนื้อหาปลายภาคเฉพาะเจาะจงเรื่องมากเกินไป
แต่ตัววิชาเองสามารถศึกษาได้กว้างกว่านั้นมากการสอนแบบเฉพาะเจาะจงเรื่องจึงทำให้เนื้อหามีความน่าเบื่อและซ้ำจำเจ",2566
340,เตรียมสื่อการสอนไว้ด้วย,2566
341,อยากให้อาจารยลดควมเร็วในการสอนลงนิดนึงค่ะ เพราะอย่างบางทีอาจารย์เข้าห้องมาแล้วไม่เกริ่นอะไรแล้วเริ่มสอนเลยนักศึกษาตามอาจารย์ไม่ทันค่ะ จดไม่ทันด้วยค่ะ อยากให้ช่วยเน้นส่วนเนื้อหาที่สำคัญๆด้วยค่ะ อยากในอาจารย์บอกแนวข้อสอบให้ละเอียดมากกว่านี้ค่ะ เพราะ สำหรับนึกศึกษาแนวของอาจารย์ค่อนข้างกว้าง ,2566
342,มีบางจุดที่อาจารย์สอนไปเร็วมากๆ ตามเนื้อหาไม่ค่อยทัน,2566
343,สอนเร็ว ,2566
344,อยากให้แก้ไขเรื่องลายมือ กับ สอนช้าๆลงหน่อยนักเรียนตามไม่ทัน,2566
345,"อาจารย์สอนดีนะครับ แต่บางทีอาจารย์สอนไวไปจนทำให้คนที่เข้าใจช้า
ก็ไม่เข้าใจเลย แล้ววบางทีผมก็อ่านลายมืออาจารย์ไม่ออกครับ 
อยากให้อาจารย์สอนช้าๆเน้นๆเพราะคนที่ไม่เข้าใจค่อนข้างจะเยอะ",2566
346,ขอบคุณที่ให้ความช่วยเหลือตลอด,2561
347,อาจารย์สอนดีมากค่ะ,2562
348,ดีมากครับ,2563
349,ดีคับ,2565
350,อาจารย์สอนเข้าใจ. และช่วยเหลือนักศึกษาได้ดีเยี่ยม,2563
351,Koop,2563
352,อาจารย์ใจดีค่ะ,2563
353,เรียนสนุกมากครับ,2563
354,อาจารย์ สอนดีครับ,2561
355,อาจารย์สอบสิ่งใหม่ๆให้ด้วยคะเช่น google formeมีประโยชน์,2562
356,อาจารย์สอนเข้าใจง่าย,2562
357,อาจารย์แร็ปสอนค่ะไม่รู้ว่ารีบไปไหนแต่ว่าไม่ทันอาจารย์ก็จะทวนแต่ก็ไม่ทันอยู่ดีมาเรียนเหมือนมานั่งดูเดอะแร็ปเปอร์แต่อาจารย์ให้โอกาสที่ดีค่ะส่งงานช้าก็ให้คะแนนเหมือนเดิม,2563
358,เรียนสนุกครับ,2563
359,ดีมากครับ,2563
360,ดี,2563
361,ขอบคุณที่ให้ความช่วยเหลือตลอด,2561
362,ปานกลาง,2561
363,ไม่ได้เรียนด้วยครับ,2564
364,ทำไมเวลาถามอะไร คุณครูพี่เบลต้องตอบแบบใส่อารมณ์ทุกครั้งด้วยคะ สงสัยมาก,2563
365,ดี,2564
366,สอนเข้าใจง่าย,2564
367,สอนดีมากครับ พลังงานอาจารย์ตอนสอน เต็มที่ทุกครั้ง,2564
368,ดีย์,2564
369,สอนดี ตรงเวลา สอนเข้าใจเนื้อหาง่าย เปิดโอกาสให้สอบถามตลอด สอนช้าไม่รีบ,2565
370,โดยรวมอาจารย์สอนได้ที่ระดับความพึงพอใจค่อนข้างดี,2565
371,ชมไว้เยอะเลยคับ สำหรับท่านนี้ พวกเราจากคนที่ไม่เป็นก็เขียนเว็บได้จริง,2565
372,จารย์สอนดีมากเข้าใจง่าย,2565
373,สอนดีมากครับ,2565
374,ส่วนตัวนักค่อนข้างเข้าใจอะไรยากทำได้ไม่ทันตามเป้าหมายแต่อาจารย์ก็ช่วยเหลือตลอดเวลาเข้าใจในศักยภาพของแต่ละคนได้เป็นอย่างดี,2565
375,"อาจารย์น่ารักมากๆค่า เป็นกันเองสุดๆมีอะไรไม่เข้าใจหรือทำไม่ได้ก็แค่ถาม อาจารย์ก็จะมาในทันใดจะไปยืนเคียงข้างเธอ เป็นคาบเรียนที่หนูเอ็นจอยมากๆค่า
",2566
376,อาจารย์สอนดีมากๆๆเลยครับ,2566
377,ดีคับ,2566
378,ขอบคุณ,2566
379,สวัสดีครับ,2566
380,ใครครับ,2564
381,สอนดีมาก   เข้าใจนักศึกษา สอนช้า ไม่รีบ สอนจนกว่าจะเข้าใจ,2565
382,เอกลักษณ์ที่โดดเด่นไม่เหมือนใคร เป็นที่จดจำของนศ ทุกคนเลยคับ เรียนสนุกได้ใช้งานจริง เด็ดขาดในแบบที่ลงตัว ดีมากๆคับ,2565
383,อาจารย์ใจดีและสอนดีมากครับ,2566
384,สอนเข้าใจง่ายค่ะ,2566
385,อาจารย์น่ารักมากๆค่า เป็นกันเองสุดๆมีอะไรไม่เข้าใจหรือทำไม่ได้ก็แค่ถาม อาจารย์ก็จะมาในทันใดจะไปยืนเคียงข้างเธอ,2566
386,การเรียนในเรียนมีเนื้อหาไม่เพียงพอที่จะให้เอาไปต่อยอด การอธิบายทำให้เหมือนจะเข้าใจแต่ก็ทำให้งง ครับ,2566
387,ดีคับ,2566
388,ขอบคุณครับ,2566
389,ไม่เคยเรียน,2565
390,ไม่เคยเรียน,2565
391,ขอบคุณที่ให้ความช่วยเหลือตลอด,2561
392,สั่งการบ้าน โดยบอกว่าจะนำโจทย์ขึ้น classroom แต่ไม่ได้เอาลงไว้ให้ และยังให้ส่ง,2561
393,บางครั้งมีการสอนเนื้อหาที่ผิดไปบ้างควรแก้ไข,2561
394,แอร์ที่ห้องหนาวจริงๆค่ะ,2560
395,ดีคับ,2565
396,ปานกลาง,2560
397,ควรเข้าสอนให้ตรงเวลา เวลาสอนไม่ควรยืดเยื้อเกินไป ,2560
398,"เกรดไม่ยุติธรรม ไปทุกวันจันทร์ ตรงเวลา ไม่เคยขาดเรียน น่าจะมีคะแนนจิตพิสัย ได้สักเกรด B+  เกรด B เป็นอย่างน้อย แต่ได้ C+ 
ฉุดเกรดทั้งหมดมากๆ วิชานี้พยายามตั้งใจที่สุดแล้ว อาจจะมีคุยบ้างถามเพื่อนข้างๆบ้าง แต่  ครูน่าจะให้เกรด ความพยายามมาเรียนและส่งงานใน ชั่วโมง ทุกครั้ง มากกว่าคะแนนสอบ (คะแนนสอบไม่ตกด้วย) ",2560
399,อธิบายละเอียดดี เข้าใจง่ายยย ,2560
400,ไม่มีคำติชมใดๆสอนดีมาก,2560
401,ปานกลาง,2560
402,อาจารย์สอนดีมากครับ นักศึกษาเข้าใจง่าย,2561
403,สอนดีแล้วครับ,2562
404,เวลาที่นักศึกษาถามปัญหาเรื่อง code มัน bug ช่วยกรุณาตอบให้ชัดเจนทีครับบางทีถามไปเป็นสิบบรรทัดแต่อาจารย์กลับส่งสติกเกอร์มาตัวเดียวคืออะไรหรอครับ แล้วเวลานักศึกษาถามมากๆมันก็เป็นการที่ดีไม่ใช่หรอครับไมใช่ถอนหายใจใส่นักศึกษาครับ,2563
405,อาจารย์ใส่ใจนักศึกษาดีมากๆครับ,2563
406,อาจารย์สอนดีครับ แต่ผมไม่ตั้งใจเอง,2561
407,อาจารย์สอนดีครับ แต่ผมไม่ตั้งใจเอง,2561
408,ขอบคุณครับ,2561
409,อาจารย์สอนดีมากครับ เข้าใจง่าย เรียนแล้วไม่เครียดมากครับ,2561
410,บรรยากาศภายในห้องเรียนเป็นกันเอง อธิบายเนื้อหาเข้าใจง่าย ,2561
411,เรียนกับอาจารย์สนุกมากเลยค่ะ ,2561
412,ปานกลาง,2560
413,อาจารย์สอนดีมากครับ และก็มีการอัพเดตเนื้อหาอยู่ตลอดเวลา ทำให้มีการเรียนรู้มากมายในห้องเรียน ไม่ใช่เพียงแค่เนื้อหาในตำราเท่านั้น ขอบคุณครับ ที่สำคัญ น่ารักและใจดีสุดๆ จากใจครับ,2561
414,อาจารย์ควรพักนะครับ,2563
415,ลุ้นมากครับวิชานี้ เรียนบางเรื่องยังไม่ค่อยเข้าใจครับ,2562
416,ขอให้อ.ดูแลสุขภาพด้วยนะคะ,2562
417,ปานกลาง,2562
418,เนื้อหาที่สอนสามารถนำมาประยุกต์ใช้ได้จริง วิชามันยาก แต่อาจารย์พยายามหาเทคนิคการจำให้เราง่ายๆ ขอบคุณค้าาาาาาาาา,2563
419,บางทีผมก็ไม่เข้าใจว่าผมเรียนอะไรอยู่อยากให้ยกตัวอย่างให้มันง่ายขึ้นครับ,2564
420,ดีคับ,2565
421,อาจารย์สอนดีมากครับ สอนสนุกเข้าใจง่าย ชอบเรียนกับอาจารย์มากครับ,2562
422,สอนดีแล้วครับ,2562
423,อยากให้มีเรียนออนไลน์ในวันที่สภาพอากาศไม่ดี งับ <3,2566
424,ดีแล้วครับไม่ต้องปรับปรุง,2566
425,ถ้าอาจารย์ให้เช็คคะแนนเองว่าอาจารย์กรอกครบไหม อาจารย์น่าจะแจ้งวันตัดเกรดด้วยนะคะหนูจะได้ลางานมารีบเช็ครีบแจ้งก่อนวันตัดเกรด ขอบคุณค่ะ^^,2566
426,สื่อการสอนเป็นภาษาอังกฤษทั้งหมด ทำให้ยากมากต่อการอ่านทำความเข้าใจโปรดแก้ไขตรงนี้ด้วย การสื่อสารไม่ค่อนจะมีสัมพันธ์กับนักศึกษา เช่น เรียนอะไรมา เข้าใจเท่าไหร่ต้องการอะไร ปรับปรุงด่วน ระหว่างสอนมีการไปสนใจเรื่องอื่นทำให้เนื้อหาที่สอนขาด ตกหล่น และไม่เข้าใจ สุดท้ายนักศึกษาถามเรื่องโปรเจคงาน โดนบอกให้ลองหาใน Google ตรงนี้ไม่ค่อยดีสักเท่าไร เพราะถ้ามีในกูเกิลก็ไม่ต้องมาศึกษาในรายวิชานี้ใช่ไหม ถูกต้องหรือไม่,2564
427,ดี,2564
428,อยากให้เอกสารประกอบการสอนเป็นภาษาไทยให้อ่านเข้าใจง่าย และอยากให้สั่งงานกลุ่มให้ตรงกับเรื่องที่สอน,2564
429,เนื้อหาที่สอบไม่ค่อยตรงดูเข้าใจยาก งานที่ให้นักศึกษาแบบเว่อร์ๆทำยากครับ ,2564
430,บางครั้งสอนไวไปค่ะตามไม่ค่อยทัน,2565
431,อยากได้พัดลม,2565
432,อาจารย์ให้คำแนะนำดีค่ะ,2565
433,อยากให้อาจารย์เข้าถึงเด็กมากกว่านี้ครับ บางคนตามไม่ทันครับ,2565
434,ทีหลังช่วยสอนmath random ก่อนสอบด้วยครับแล้วก็เรื่องData base เรื่องการดึงข้อมูลในdataมาใช้ จารย์ไม่สอนผมก็ทำโปรเจคที่จารย์สั่งไม่ได้คะแนนผมก็หายสิครับแบบนี้ จารย์สั่งให้ทำเกินที่สอนไปหน่อยครับ แต่เรื่องที่สอนในห้องสอนเข้าใจ ถ้าจารย์สอนผมมั่นใจว่าพวกผมทำได้ เทอมนี้ขอบคุณมากครับ,2566
435,อาจารย์สอนเนื้อหาไปไวมากจนทำให้เข้าใจเนื้อหาไม่ทันคนอื่นๆ,2566
436,อยากให้อาจารย์แชร์ google meet เวลาสอนค่ะ เพราะนักศึกษาที่นั่งข้างหลังมองไม่เห็นจอค่ะ เนื่องจากสไลด์ของอาจารย์ตัวหนังสือค่อนข้างตัวเล็ก ทำให้มองไม่ค่อนเห็นค่ะทุกครั้งที่จะจดโน๊ตหรือต้องพิมพ์โค๊ดตามอาจารย์ คอมเครื่องข้างหลังค่อนข้างช้านะคะ ทำให้บางที่ก็ตามอาจารย์ไม่ทันเพราะคอมอืดเนี้ยเเหละค่ะ แล้วก็อยากให้อาจารย์พูดเน้นเนื้อหาที่สำคัญๆเวลาที่อาจารย์สอนค่ะ เพราะอาจารย์ไม่ได้ให้สไลด์มาก่อนเวลาเรียนบางคำที่นักศึกษาไม่รูัก็จดไม่ถูกค่ะ แล้วก็อยากให้อาจารย์บอกแนวข้อสอบที่ละเอียดมากกว่านี้ค่ะ อยากให้ไกด์แนวที่จะออกสอบให้มากกกว่านี้ค่ะ ถ้าบอกว่าออกตามที่สอนสโคปค่อนข้างจะกว้างมากเลยค่ะ เพราะไม่ใช่นักศึกษาทุกคนจะเก่งเหมือนอย่างที่อาจารย์อยากให้เป็นนะคะ พื้นฐานของแต่ล่ะคนไม่เท่ากันค่ะนักศึกษาไม่ใช่ไม่พยายามนะคะสู้เเล้วค่ะได้เเค่นี้ ขอบคุณค่ะ,2566
437,Ide มีปัญหาบ่อย ระยะเวลาทำมินิโปรเจกน้อยไป ,2566
438,บรรยากาศในห้องเรียนทำให้กดดัน,2566
439,สอนดี แต่เร็วไปหน่อย ผมตามไม่ทันเข้าใจช้า,2566
440,อาจารย์สอนเร็ว ตามไม่ทันเพื่อนคนอื่น,2566
441,"อยากให้อาจารย์สอนช้าๆ เพราะหลายคนเข้าใจช้าเเล้วก็ไม่เข้าใจเลย
บรรยากาศในการเรียนดูเครียด หลายๆอย่างยศค่อนข้างจะเครียดครับ
ส่วนโปรแกรมที่อาจารย์ใช้สอน บางทีมันก็ไม่เสถียรติดขัดหลายๆอย่าง
บางครั้งอาจารย์สอนผมก็ไม่ค่อยเข้าใจครับ ",2566
442,เยี่ยมสอนดี,2561
443,อาจารย์สอนดีมากๆ พยายามใช้นู่นนี่เข้ามาเพื่อให้เราสนใจที่จะนำหลายๆอย่างที่อาจารย์แทรกมาไปพัฒนาต่อ ซึ่งวิชานี้ทำให้ได้ข้อมูลเยอะมากจริงๆคร้าา,2562
444,อาจารย์สอนดีมากครับ สามารถนำไปใช้งานได้จริง,2562
445,ดีมากครับ,2563
446,ขอบคุณครับ,2563
447,โปรแกรมบางตัวเป็นอันตรายต่อคอมนักเรียนนะครับ,2564
448,สอนดีมาก ๆ ครับ เข้าใจเนื้อหาง่ายสุด ๆ ,2562
449,s,2564
450,เขียนโค๊ดเยอะมากครับ,2562
451,อาจารย์สอนดีมากครับ,2563
452,อาจารย์สอนดีมากๆค่ะ,2565
453,อาจารย์สอนเข้าใจมากครับ,2562
454,อาจารย์สอนดีมากครับ สอนสนุกเข้าใจง่าย,2562
455,สอนดีแล้วครับ,2562
456,ปังค่ะเรียนสนุกเข้าใจง่าย อาจารย์เป็นคนใจเย็น ชอบค่ะ ,2563
457,ขอบคุณสำหรับA+ นะครับ,2563
458,ชอบที่อาจารย์สอนค่ะ เนื้อหาแน่นดีค่ะ ,2564
459,อยากให้อาจารย์เขียนให้ดูชัดๆ มองออกง่ายๆ,2564
460,ลายมือมีความอ่านยากครับ ขออ่านง่ายกว่านี้อีกนิดนึง,2564
461,บันทึกสไลด์หลังจากการสอนเสร็จด้วยครับ ขอบคุณครับ,2564
462,ดีคับ,2565
463,อาจารย์สอนดีครับ,2566
464,ขอบคุณอาจารย์มากๆเลยครับ,2566
465,ปานกลาง,2562
466,ปานกลาง,2562
467,อยากให้อาจารย์สนใจในการตรวจการบ้านหน่อยคับแล้วอยากได้ช่องทางการติดต่ออาจารย์ด้วยคับ,2562
468,อาจารย์สอนดีมากครับ สอยสนุกเข้าใจง่าย,2562
469,สอนดีแล้วครับ,2562
470,อาจารย์สอนเข้าใจมากครับ,2564
471,อาจารย์ใจดีมากๆครับชอบเรียนมากๆเลย,2564
472,ไม่บอกแนวข้อสอบ เนื้อหาไม่เข้าใจ เหมือนอ่านให้ฟัง ผมไม่นับว่าเป็นการสอน เป็นการเล่าสู่กันฟัง,2565
473,อาจารย์ควรพูดช้าลงหน่อย บางเรื่องฟังไม่ทัน,2565
474,อาจารย์?ใจดีเป็นกันเอง สอนเข้าใจง่าย,2565
475,"ควรแจ้งอะไรล่วงหน้ามากกว่านี้ ไม่ใช่เรียน8โมง แจ้งยกคลาสตอน7โมง นักศึกษาบางคนตื่นแต่เช้าเพื่อเดินทางมามหาวิทยาลัยแต่ต้องกลับไปบ้านเพราะอาจารย์ยกคลาส
",2565
476,อาจารย์สอนสนุกมากครับ,2565
477,อาจารย์สอนดี เข้าใจแล้วก็มีแบบฝึกให้ทำท้ายบทเป็นการบททวนความรู้หรือความเข้าใจของผู้เรียนค่ะ,2566
478,ดีคับ,2566
479,ขอบคุณ,2566
480,ชอบวิชานี้ที่สุดในเทอมนี้เลยค่าาอาจารย์สอนเข้าใจง่ายเนื้อหาไม่หนักไป,2566
481,ควรบอกแนวข้อสอบนักศึกษาค่ะ,2566
482,อาจารย์สอนดีมากครับ ได้รับความรู้ใหม่และเทคนิคต่างๆสามารถนำมาปรับใช้ในการประกอบอาชีพและโครงานได้เยอะเลยครับ,2566
483,รอาจารย์น่ารักมากค่ะสอนเข้าใจง่ายถ้าไม่เข้าใจตรงไหนเดินมาอธิบายถึงโต๊ะเลย อาจารย์ไม่เคยหงุดหงิดใส่นศ.เลยใจดีมากๆเลยค้า,2566
484,วิชานี้อาจารย์ก็สอนดีเหมือนเดิมไม่เข้าใจตรงไหนก็สามารถถามได้,2566
485,ควรบอกแนวข้อสอบนักศึกษาค่ะ,2566
486,อยากให้อาจารย์ แปลอังกฤษให้ด้วยค่ะ บางทีมัน งงๆ,2561
487,ดีมากครับ,2561
488,ขอบคุณครับ,2561
489,อาจารย์สอนดีครับ,2561
490,อาจารย์ให้คำแนะนำและช่วยเหลือ  ในการเรียนได้เป็นอย่างดี ,2561
491,อยากให้อาจารย์มาสอนอีกค่ะ,2561
492,อาจารย์สอนเก่งมากค้าบบบ นศ เลย อยากตั้งใจเรียนไปด้วย,2561
493,อยากให้อาจารย์เตรียมการสอน และทำสไลด์ให้ดูเข้าใจง่ายกว่านี้คะ หนูรู้สึกว่าอาจารย์สอนแล้วรู้สึกไม่มั่นใจในคำตอบเลยทำให้ตอนเรียนหนูไม่ค่อยเข้าใจว่าทำแบบนี้ถูกไหม คำตอบถูกหรือยังคะ และหนูก็คิดว่าสิ่งที่อาจารย์สอนมันดูเข้าใจง่ายก็จริงแต่ตอนอธิบายมันทำให้หนูรู้สึกขัดแย้งนิดนึงคะ อยากให้อาจารย์ปรับเรื่องนี้ด้วยคะ  ขอบคุณค่ะ :):):):):):):):):):):):):):):):):):),2565
494,อาจารย์สอนสนุกและเข้าใจมากขึ้นครับ,2562
495,อาจารย์สอนดีมากครับ เอาใจใส่เด็กมาก เรียนสนุกไม่เคลียด สอนเข้าใจง่าย ชอบเรียนกับอาจารย์มากครับ,2562
496,สอนดีแล้วครับ,2562
497,ขอบคุณครับ,2562
498,อาจารย์บางทีเตรียมพร้อมเนื้อหามาสอนยังไม่ค่อยดี ทำให้นักศึกษาไม่ค่อยเข้าใจ และเรื่องเวลาอาจารเข้าสอนช้าบ่อย แต่อาจารย์เอาใจใส่เด็กมากๆ ใจดี และให้คำปรึกษาดี เข้ากับเด็กง่าย. เป็นกันเอง,2563
499,อาจารย์ตั้งใจสอนจัดๆ ขอบคุณค่ะ,2563
500,ดีมากครับ,2563
501,ปานกลาง,2562
502,ปานกลาง,2562
503,อาจารย์สอนดี สิ่งที่อาจารย์สอนมาจากเรื่องจริง ขอบคุณอาจารย์ที่ถ่ายทอดให้ครับ,2565
504,ดีครับ,2564
505,อาจารย์ให้ความรู้ดีมากๆครับ,2564
506,อาจารย์?สอนได้ดี ใจดีมากๆเป็นกันเอง ,2565
507,ควรแจ้งยกคลาสล่วงหน้า อย่างอื่นดีหมดครับ,2565
508,บางครั้งความใจดีของอาจารย์อาจทำให้เด็กบาวคนที่มักง่ายและไม่ตั้งใจทำให้ครูเหนื่อยบ้างกระผมเห็นว่าการดุและแสดงด้านที่จริงจังให้ทุกคนเกรงใจก็เป็นสิ่งที่ควรทำบ้างกับเด็กสมัยนี้ที่เผิกเฉยต่อการศึกษา บางคนเท่านั้น แต่อาจารย์ท่านนี้สอนดีและทำดีมากๆคับในทุกคลาส ,2565
509,สอนสนุกมากครับ ยิ้มทั้งคาบ,2565
510,อาจารย์ให้ความบันเทิงระหว่างสอนดี ,2565
511,สอนดีมากครับไม่เครียดเรียนสนุกดี,2566
512,อาจารย์น่ารักค่ะ เป็นกันเองสุดๆ,2566
513,ดีคับ,2566
514,ขอบคุณ,2566
515,อยากให้ศึกษาเรื่องที่จะมาสอนใช้คำพูดที่เข้าใจมากกว่านี้ไม่พูดงงๆ,2566
516,พอได้ครับ,2565
517,"สอนสนุกผ่อนคลายตามไสตล์อาจารย์บัว ให้อารมณ์เดินลุยกองไฟและโผล่มาเจอแม่น้ำ สอนสนุกเข้าใจง่ายมากคับ ทำตามได้ทุกอย่าง 
เป็นครั้งแรกที่เพื่อนพากันขอดูงานคนอย่างเรา",2566
518," ด้วยเวลาที่น้อยและความจำเป็นที่ต้องรวบรัดเนื้อหา ผมคอมเมนต์อะไรเพิ่มเติมครับ
 อยากให้มีเนื้อหาสอน chmod chown เอาไว้ให้น้องๆ รู้จักการสวมมงกุฎโฟลเดอร์ ไม่ให้มันถามรหัสบ่อยๆ กับ Folder /opt
 สอนวิธีลง wsl ด้วยก็ดีครับ จะได้รู้จักการอ่าน Doc แล้วลองทำตามด้วยตัวเองได้ เพิ่มความกล้า ความชำนาญ เดี๋ยวนี้ใช้ 2 คำสั่งเอง ลง wsl2 ได้ละ
 สอนให้นักศึกษาใช้ Github ด้วยก็ดีครับ ไม่ต้องใช้ Github ที่เป็นแอป ใช้ github แบบ commandLine เนี่ยเเหละ พวก git add , git commit , git status , git push สอนไว้ตอนนี้อนาคตทำงานสายนี้ได้ใช้แน่",2566
519,อาจารย์สอนดีมาก ๆ เลยครับ ,2561
520,อาจารย์สอนเข้าใจง่าย,2562
521,ดี ,2562
522,ลดงานลงหน่อยจะดีมากครับ ,2564
523,สอนดีมาก ๆ เลยครับ เข้าใจง่ายสุด ๆ ,2562
524,ควรลำดับเรื่องการสอนที่จำเป็นที่ต้องนำไปใช้จริงก่อนแล้วค่อยเสริมเรื่องย่อยๆครับ,2564
525,เข้าเนื้อหาที่สำคัญสำหรับเรื่องที่จะต้องเรียนช้าไป ควรจัดหรือวางแผนเนื้อหาการสอนให้ดีกว่านี้,2564
526,ควรวางแผนการสอนให้ตรงกับเวลาสอน เนื้อหาหลักได้ไม่ครบเพราะใช้เวลาไปกับเรื่องอื่นมากไป และเข้าเนื้อหาหลักช้า,2564
527,เข้าเนื้อหาการสอนช้าเกินไป ไม่ได้เตรียมการสอนมาดีพอทำให้เวลาไม่พอสำหรับบางชั่วโมง,2564
528,อยากให้อาจารย์เข้าเนื้อเรื่องเลยครับ,2564
529,ปานกลาง,2562
530,ปานกลาง,2562
531,อาจารย์สอนดีมาก ๆ เลยครับ ,2561
532,สนุกมากครับ เรียนแล้วรู้สึกว่าฉลาดขึ้นมากกๆๆๆ,2562
533,ปานกลาง,2562
534,อาจารย์ตั้งใจสอนมากครับ,2563
535,สอนดีมากครับเข้าใจสุดๆ,2563
536,ตอนสอบอาจารย์ชี้แจ้งไม่ชัดเจนทำให้พลาดที่จะทำข้อสอบได้เต็มที่,2564
537,ให้งานเยอะไปหน่อยครับ,2564
538,ดีครับเหมือนดูยูทูปเลย สอบ85ข้อ40นาทีเกินไปนะครับ แถมยังตอบได้มากกว่า1อีก หารแล้วตกข้อละ30วิ แฮ่กๆ,2564
539,อาจารย์ใจดีมากๆครับตอบทุกปัญหา เรียนแล้วรู้เรื่องขึ้นเยอะเลยครับ # ข้อสอบแอบโหดไปนิดนึงครับจารย์,2564
